<?xml version="1.0" encoding="ISO-8859-1"?>
<!-- HxC Floppy Emulator Disk Layout -->
<disk_layout>
	<disk_layout_name>ENSONIQ_HD_5100KB</disk_layout_name>
	<disk_layout_description>Special 5100KB Ensoniq ASR-10 3"5 HD Floppy Disk</disk_layout_description>
	<prefered_file_extension>img</prefered_file_extension>
	<interface_mode>IBMPC_HD_FLOPPYMODE</interface_mode>
	<file_size>5222400</file_size>
	<layout>
		<number_of_track>255</number_of_track>
		<number_of_side>2</number_of_side>
		<format>ISO_MFM</format>
		<start_sector_id>0</start_sector_id>
		<sector_per_track>20</sector_per_track>
		<sector_size>512</sector_size>
		<interleave>1</interleave>
		<skew_per_side>2</skew_per_side>
		<skew_per_track>4</skew_per_track>
		<formatvalue>0xF6</formatvalue>
		<gap3>36</gap3>
		<bitrate>500000</bitrate>
		<pregap>0</pregap>
		<rpm>300</rpm>
	</layout>
</disk_layout>
